<?xml version="1.0" encoding="UTF-8"?>
<project-private xmlns="http://www.netbeans.org/ns/project-private/1">
    <editor-bookmarks xmlns="http://www.netbeans.org/ns/editor-bookmarks/2" lastBookmarkId="0"/>
    <open-files xmlns="http://www.netbeans.org/ns/projectui-open-files/2">
        <group>
            <file>file://nasstudusers/5$/N0650950/NetBeansProjects/MusicSocial/src/musicsocial/ChattingServer.java</file>
            <file>file://nasstudusers/5$/N0650950/NetBeansProjects/MusicSocial/src/musicsocial/Login.java</file>
            <file>file://nasstudusers/5$/N0650950/NetBeansProjects/MusicSocial/src/musicsocial/ChatClient.java</file>
            <file>file://nasstudusers/5$/N0650950/NetBeansProjects/MusicSocial/src/musicsocial/newReg.java</file>
        </group>
    </open-files>
</project-private>
